{
    "Basic Scene": {
        "GameObject": {
            "name": "XYZ",
            "id": 0,
            "components": {
                "transform": {
                    "position": [
                        0.0,
                        0.0,
                        0.0
                    ],
                    "rotation": [
                        0.0,
                        0.0,
                        0.0
                    ],
                    "scale": [
                        1.0,
                        1.0,
                        1.0
                    ],
                    "parent": -1
                },
                "material": {
                    "color": [
                        1.0,
                        1.0,
                        1.0
                    ],
                    "textureid": 0,
                    "shader": "color"
                },
                "mesh": {
                    "name": "XYZ"
                }
            }
        },
        "GameObject": {
            "name": "Skybox",
            "id": 1,
            "components": {
                "transform": {
                    "position": [
                        0.0,
                        0.0,
                        0.0
                    ],
                    "rotation": [
                        0.0,
                        0.0,
                        0.0
                    ],
                    "scale": [
                        15.0,
                        15.0,
                        15.0
                    ],
                    "parent": -1
                },
                "material": {
                    "color": [
                        1.0,
                        1.0,
                        1.0
                    ],
                    "textureid": 2,
                    "shader": "texture"
                },
                "mesh": {
                    "name": "Skybox"
                }
            }
        },
        "GameObject": {
            "name": "BillBoard",
            "id": 2,
            "components": {
                "transform": {
                    "position": [
                        4.0,
                        0.0,
                        -3.5
                    ],
                    "rotation": [
                        0.0,
                        0.0,
                        0.0
                    ],
                    "scale": [
                        1.0,
                        1.0,
                        1.0
                    ],
                    "parent": -1
                },
                "material": {
                    "color": [
                        1.0,
                        1.0,
                        1.0
                    ],
                    "textureid": 1,
                    "shader": "texture"
                },
                "mesh": {
                    "name": "BillBoard"
                }
            }
        },
        "GameObject": {
            "name": "Light",
            "id": 3,
            "components": {
                "transform": {
                    "position": [
                        0.3700021207332611,
                        3.0,
                        -0.7599999904632568
                    ],
                    "rotation": [
                        0.0,
                        180.0,
                        0.0
                    ],
                    "scale": [
                        1.0,
                        1.0,
                        1.0
                    ],
                    "parent": -1
                },
                "material": {
                    "color": [
                        0.10000000149011612,
                        0.10000000149011612,
                        0.800000011920929
                    ],
                    "textureid": 0,
                    "shader": "texture"
                },
                "mesh": {
                    "name": "Light"
                },
                "light": {
                    "ambstr": 0.30000001192092898,
                    "ambcolor": [
                        0.30000001192092898,
                        0.30000001192092898,
                        0.30000001192092898
                    ],
                    "lightstr": 0.699999988079071,
                    "lightcolor": [
                        0.30000001192092898,
                        0.30000001192092898,
                        0.30000001192092898
                    ],
                    "specstr": 0.30000001192092898,
                    "specexp": 4,
                    "color": [
                        1.0,
                        1.0,
                        1.0
                    ]
                }
            }
        },
        "GameObject": {
            "name": "box2.txt",
            "id": 4,
            "components": {
                "transform": {
                    "position": [
                        -3.299999952316284,
                        0.30000001192092898,
                        -3.5
                    ],
                    "rotation": [
                        0.0,
                        0.0,
                        0.0
                    ],
                    "scale": [
                        1.0,
                        1.0,
                        1.0
                    ],
                    "parent": -1,
                    "children": [
                        5
                    ]
                },
                "material": {
                    "color": [
                        1.0,
                        1.0,
                        1.0
                    ],
                    "textureid": 0,
                    "shader": "color"
                },
                "mesh": {
                    "name": "box2.txt"
                }
            }
        },
        "GameObject": {
            "name": "monkey.obj",
            "id": 5,
            "components": {
                "transform": {
                    "position": [
                        -3.299999952316284,
                        0.30000001192092898,
                        -3.5
                    ],
                    "rotation": [
                        0.0,
                        0.0,
                        0.0
                    ],
                    "scale": [
                        0.5,
                        0.5,
                        0.5
                    ],
                    "parent": 4
                },
                "material": {
                    "color": [
                        1.0,
                        1.0,
                        1.0
                    ],
                    "textureid": 0,
                    "shader": "phong"
                },
                "mesh": {
                    "name": "monkey.obj"
                }
            }
        }
    }
}